[{"nombre": "William Campbell", "es_solista": false, "ciudad": "La Plata", "pais": "Argentina", "ref": "www.instagram.com/williamcampbellok"}, {"nombre": "Marcos Fava", "es_solista": true, "ciudad": "La Plata", "pais": "Argentina", "ref": "https://open.spotify.com/intl-es/artist/2risap4rX5qNM54Gdiiuf1"}, {"nombre": "Ed Sheeran", "es_solista": true, "ciudad": "Halifax", "pais": "Reino Unido", "ref": "https://open.spotify.com/intl-es/artist/6eUKZXaKkcviH0Ku9w2n3V"}, {"nombre": "INXS", "es_solista": false, "ciudad": "Sidney", "pais": "Australia", "ref": "https://open.spotify.com/intl-es/artist/1eClJfHLoDI4rZe5HxzBFv?si=b-EIpUpNTqqhmM26k6mB4w"}, {"nombre": "La Ley", "es_solista": false, "ciudad": "Santiago", "pais": "Chile", "ref": "https://open.spotify.com/intl-es/artist/1ZVoRDO29AlDXiMkRLMZSK?si=j22YWc1wQByyODfT25Md7w"}, {"nombre": "H\u00e9roes del Silencio", "es_solista": false, "ciudad": "Zaragoza", "pais": "Espa\u00f1a", "ref": "https://open.spotify.com/intl-es/artist/3qAPxVwIQRBuz5ImPUxpZT?si=6o_JpVtBQSy44N0lzn_73A"}, {"nombre": "Panza", "es_solista": false, "ciudad": "Buenos Aires", "pais": "Argentina", "ref": "https://open.spotify.com/intl-es/artist/5FamANEkN5PMHyr3UuvpDd?si=o7dnBnOlRbWq70s39fsBTw"}, {"nombre": "Adele", "es_solista": true, "ciudad": "Tottenham", "pais": "Reino Unido", "ref": "https://open.spotify.com/intl-es/artist/4dpARuHxo51G3z768sgnrY?si=co6Jp1hyS76SjQfbCEY5Rw"}]