[
    {
        "nombre": "William Campbell",
        "es_solista": false,
        "ciudad": "La Plata",
        "pa\u00eds": "Argentina",
        "ref": "www.instagram.com/williamcampbellok"
    },
    {
        "nombre": "Marcos Fava",
        "es_solista": true,
        "ciudad": "La Plata",
        "pa\u00eds": "Argentina",
        "ref": "https://open.spotify.com/intl-es/artist/2risap4rX5qNM54Gdiiuf1"
    },
    {
        "nombre": "Ed Sheeran",
        "es_solista": true,
        "ciudad": "Halifax",
        "pa\u00eds": "Reino Unido",
        "ref": "https://open.spotify.com/intl-es/artist/6eUKZXaKkcviH0Ku9w2n3V"
    },
    {
        "nombre": "INXS",
        "es_solista": false,
        "ciudad": "Sidney",
        "pa\u00eds": "Australia",
        "ref": "https://open.spotify.com/intl-es/artist/1eClJfHLoDI4rZe5HxzBFv?si=b-EIpUpNTqqhmM26k6mB4w"
    },
    {
        "nombre": "La Ley",
        "es_solista": false,
        "ciudad": "Santiago",
        "pa\u00eds": "Chile",
        "ref": "https://open.spotify.com/intl-es/artist/1ZVoRDO29AlDXiMkRLMZSK?si=j22YWc1wQByyODfT25Md7w"
    },
    {
        "nombre": "H\u00e9roes del Silencio",
        "es_solista": false,
        "ciudad": "Zaragoza",
        "pa\u00eds": "Espa\u00f1a",
        "ref": "https://open.spotify.com/intl-es/artist/3qAPxVwIQRBuz5ImPUxpZT?si=6o_JpVtBQSy44N0lzn_73A"
    }
]